action,appPackage,category,contactSignificantContext,numberUpdates,p1,p2,p3,p4,p5,p6,posted,postedDayOfWeek,postedTimeOfDay,priority,removed,response,subject
1,com.whatsapp,unknown,True,1,2.2793388,-0.7560756,-0.6789683000000001,0.89573264,-0.11235875,0.87001324,1530430000000.0,Fri,morn,1,1530430000000.0,medium,unknown
1,com.whatsapp,msg,True,17,1.7668613000000002,-0.66822845,0.07205526,0.1513161,0.03792953,1.1496261,1530430000000.0,Fri,morn,1,1530430000000.0,medium,unknown
1,com.whatsapp,msg,False,10,1.3481864,0.73460513,0.77441,0.21831428,0.5205428,0.7095514,1530430000000.0,Fri,morn,0,1530430000000.0,medium,unknown
1,com.whatsapp,unknown,False,12,0.056745157000000004,0.50446004,-0.50031036,0.14425278,0.5415525999999999,0.45065504,1530430000000.0,Fri,morn,0,1530430000000.0,medium,unknown
1,com.whatsapp,unknown,True,3,1.4237084,-0.28963706,-0.27753323,0.5736465000000001,0.03859931,-0.42162659999999996,1530430000000.0,Fri,morn,1,1530430000000.0,medium,unknown
1,com.google.android.googlequicksearchbox,unknown,False,0,0.072424784,0.8198476999999998,0.37210977,-1.0063155000000001,0.28814593,1.8940699,1530430000000.0,Fri,morn,0,1530430000000.0,medium,unknown
1,com.whatsapp,unknown,False,2,0.95415574,0.35246995,-0.06168074,0.19359718,0.28973162,0.08972141,1530430000000.0,Fri,morn,0,1530430000000.0,medium,unknown
0,com.google.android.apps.maps,msg,False,17,0.06658188,1.8420236,1.2061373,0.4913467000000001,1.1747738,-0.042567155999999995,1530430000000.0,Fri,morn,-2,1530440000000.0,long,unknown
1,com.google.android.googlequicksearchbox,unknown,True,4,0.2299497000000001,0.43140757,0.1858437,-1.0455658,0.18356636,1.0013602,1530430000000.0,Fri,morn,0,1530430000000.0,short,unknown
1,com.whatsapp,msg,True,20,0.33113348,1.0637281,-0.7543681,-0.20222749,1.0064214,1.1087924999999998,1530430000000.0,Fri,morn,1,1530430000000.0,medium,unknown
1,com.whatsapp,msg,False,9,-0.15096462,1.0310315,1.2794913,0.27894926,1.9117179,-0.26677948,1530430000000.0,Fri,morn,1,1530440000000.0,long,unknown
1,com.whatsapp,msg,True,13,0.18253675,0.31179145,0.008423477,0.39921337,1.0297606,0.21476173,1530430000000.0,Fri,morn,1,1530430000000.0,medium,unknown
1,com.whatsapp,unknown,True,7,1.2762698000000001,-0.70116353,-0.90616786,1.2269758999999998,-0.16194943,-0.36308959999999996,1530430000000.0,Fri,morn,0,1530430000000.0,medium,unknown
1,com.whatsapp,msg,True,5,2.0419152,0.21167719999999998,0.34589735,0.8552780000000001,0.5276341,1.0487647,1530430000000.0,Fri,morn,1,1530430000000.0,medium,unknown
1,com.whatsapp,msg,False,9,0.7079928000000001,1.1200736999999998,0.6873979,1.2108914,0.36934313,-0.18970665,1530430000000.0,Fri,morn,1,1530440000000.0,long,unknown
1,com.whatsapp,unknown,False,16,1.0292552,-0.66849864,-1.7540565,0.62771165,0.54768103,0.42472583,1530440000000.0,Fri,morn,0,1530440000000.0,medium,unknown
1,com.whatsapp,unknown,True,8,-0.19891068,-0.6248769000000001,-0.91617304,0.57803583,-0.008360105,0.52255857,1530440000000.0,Fri,morn,0,1530440000000.0,medium,unknown
1,com.whatsapp,msg,True,19,-0.27902475,1.3295963,-0.34807605,-0.27201748,1.2477207000000001,-0.81958616,1530440000000.0,Fri,morn,0,1530440000000.0,medium,unknown
1,com.whatsapp,unknown,True,7,-1.0855045,-0.07518261,-1.416136,-0.018226821,1.1807393,1.2734076,1530440000000.0,Fri,morn,0,1530440000000.0,medium,unknown
1,com.google.android.googlequicksearchbox,msg,True,8,0.5282226999999999,0.65522605,0.28119203,-0.1345254,0.5194372,1.5745008999999999,1530440000000.0,Fri,morn,1,1530440000000.0,medium,unknown
0,com.google.android.googlequicksearchbox,unknown,False,7,0.894892,-0.10828335,0.35554016,-0.34951785,-0.2710363,0.8786238000000001,1530440000000.0,Fri,morn,0,1530440000000.0,medium,unknown
0,com.facebook.orca,msg,False,16,0.6110783000000001,0.63087183,0.5438185999999999,0.64225984,0.28812605,-0.43432498,1530440000000.0,Fri,morn,-2,1530440000000.0,long,unknown
1,com.whatsapp,unknown,False,24,-0.096106775,1.8051453000000002,0.98225987,0.05723258,-0.36094663,-0.14822127,1530440000000.0,Fri,morn,0,1530440000000.0,short,unknown
1,com.whatsapp,msg,False,7,0.1271363,1.9235855,0.98025656,1.0531205,1.124082,-0.49529555,1530440000000.0,Fri,morn,1,1530440000000.0,long,unknown
1,com.whatsapp,msg,True,7,1.2100548,0.05685151400000001,-0.49006194,0.15712142,0.43933406,1.6563456,1530440000000.0,Fri,morn,1,1530440000000.0,medium,unknown
1,com.whatsapp,unknown,False,12,-0.7106197,0.12049282,-1.1012015,-0.01767769,0.64198583,0.52951646,1530440000000.0,Fri,morn,0,1530440000000.0,medium,unknown
1,com.whatsapp,msg,True,9,-0.18099467,-0.05972398,-1.1941992000000001,0.8322280999999999,0.6498050999999999,0.9626802999999999,1530440000000.0,Fri,morn,1,1530440000000.0,medium,unknown
1,com.whatsapp,unknown,True,4,-0.2877243,0.9803265999999999,-0.22411424,0.50927526,1.0646803,-0.8192174000000001,1530440000000.0,Fri,morn,0,1530440000000.0,medium,unknown
1,com.whatsapp,unknown,False,11,1.0781326,-0.25061452,-0.98500997,0.60968053,0.44639492,0.47233358,1530440000000.0,Fri,morn,0,1530440000000.0,medium,unknown
1,com.Slack,unknown,True,3,-0.7553594,1.7720785,0.55091083,-0.7427085,0.408548,0.60810333,1530440000000.0,Fri,morn,0,1530440000000.0,medium,unknown
1,com.snapchat.android,msg,True,10,0.4880782,1.6438026000000001,0.5415475000000001,-0.5488274999999999,1.2668276000000005,1.8083636000000003,1530440000000.0,Fri,morn,1,1530440000000.0,medium,unknown
0,com.google.android.apps.maps,msg,False,18,0.46800917,0.7655319,0.3917262,0.63751584,0.6706876,0.67390996,1530440000000.0,Fri,morn,-2,1530440000000.0,immediate,unknown
1,com.Slack,unknown,True,10,1.174691,0.43652686,-0.29139686,-0.17068271,0.04814772,1.4888926000000002,1530450000000.0,Fri,morn,0,1530450000000.0,medium,unknown
1,com.whatsapp,unknown,False,15,-0.92273134,0.5792185000000001,-0.8148241999999999,0.24998681,0.67650807,1.4389834,1530450000000.0,Fri,morn,0,1530450000000.0,medium,unknown
0,com.bskyb.sportnews,unknown,False,4,-1.2654074,2.4299102,0.9911566999999999,-0.30587309999999995,-0.23767653,-0.21615109,1530450000000.0,Fri,afternoon,0,1530460000000.0,long,unknown
1,com.whatsapp,unknown,False,4,-1.0081966,1.2220358999999998,0.53539896,-0.35731694,0.22152999,-0.17416412,1530460000000.0,Fri,afternoon,0,1530460000000.0,short,unknown
1,com.whatsapp,msg,True,13,0.19853777,0.98299617,0.21755570000000002,0.66377854,1.1721716999999998,-0.12899323,1530460000000.0,Fri,afternoon,1,1530460000000.0,medium,unknown
1,com.whatsapp,unknown,False,18,-0.5878656,1.4205965,0.05108673,-0.17277071,-0.39507177,-0.10902613400000001,1530460000000.0,Fri,afternoon,0,1530470000000.0,medium,unknown
0,com.whatsapp,unknown,False,5,0.014861661000000003,1.5943382,0.13838115,0.30867907,0.2911105,0.31741744,1530460000000.0,Fri,evening,-1,1530460000000.0,short,unknown
1,com.Slack,unknown,False,10,0.45139465,0.42322776,-0.6851316999999999,-0.37024897,0.54030806,1.587756,1530470000000.0,Fri,evening,0,1530470000000.0,medium,unknown
1,com.whatsapp,unknown,False,11,0.15336815,0.08527586599999999,-0.23984504,0.041509267,-0.32953718,1.2894456,1530470000000.0,Fri,evening,0,1530470000000.0,medium,unknown
1,com.Slack,unknown,True,3,-0.058477472999999995,0.51656675,-0.23183575,-0.55790496,0.45803207,0.68049717,1530470000000.0,Fri,evening,1,1530470000000.0,short,unknown
1,com.whatsapp,unknown,False,4,-0.12746853,1.1953906,-0.7919512,0.09001082,0.4530382000000001,-0.7180488,1530470000000.0,Fri,evening,0,1530470000000.0,medium,unknown
1,com.whatsapp,unknown,False,2,-0.43447277,0.3973075,-0.5097824000000001,-0.37789294,0.300448,0.4081845,1530470000000.0,Fri,evening,0,1530470000000.0,short,unknown
1,com.whatsapp,msg,True,3,-0.45628104,0.76978743,-0.9211152,0.08874127,0.8272785,1.3145065,1530470000000.0,Fri,evening,1,1530470000000.0,medium,unknown
1,com.whatsapp,unknown,False,15,1.2469244,0.11113236,-1.3952732,0.76838875,0.3078494,2.5137668,1530470000000.0,Fri,evening,0,1530470000000.0,medium,unknown
1,com.whatsapp,unknown,False,9,0.11842158400000001,2.1634919999999997,0.61274034,-0.16184215,-0.77790874,-0.80366635,1530470000000.0,Fri,evening,0,1530470000000.0,short,unknown
1,com.whatsapp,unknown,False,10,-0.26043594,2.051466,-0.0785239,0.22313763,0.34526297,-0.10841326400000001,1530470000000.0,Fri,evening,0,1530470000000.0,long,unknown
0,com.google.android.googlequicksearchbox,unknown,False,1,-0.49566156,0.8865458,0.622907,-1.1790439,-0.45016876,1.0639083,1530470000000.0,Fri,evening,0,1530470000000.0,medium,unknown
1,com.whatsapp,msg,False,17,-0.06083018,2.0624597,0.52191687,0.110563874,0.9489309000000001,-0.27278098,1530470000000.0,Fri,evening,1,1530480000000.0,long,unknown
1,com.Slack,unknown,True,1,0.29680650000000003,0.8753411,0.84662074,-0.4487793,0.1502476,0.25483906,1530470000000.0,Fri,evening,1,1530470000000.0,medium,unknown
1,com.whatsapp,unknown,True,2,-1.2211801000000002,1.9334358,0.33674702,-0.42901143,0.37549788,-1.2228926000000002,1530480000000.0,Fri,evening,1,1530480000000.0,short,unknown
1,com.whatsapp,unknown,False,15,0.2752171,1.979275,-0.29670906,0.15997165,0.94779295,1.4286511,1530480000000.0,Fri,evening,0,1530480000000.0,medium,unknown
1,com.whatsapp,unknown,False,6,-0.300669,1.8329191999999999,0.6127619000000001,-0.45480523,0.62499577,-0.7532981,1530480000000.0,Fri,evening,0,1530480000000.0,medium,unknown
1,com.whatsapp,unknown,True,4,-1.2345786,1.4775738,0.46987534,-0.684415,0.01904155,-0.03280163,1530480000000.0,Fri,evening,1,1530480000000.0,short,unknown
1,com.whatsapp,unknown,False,12,0.59351957,0.565198,-0.57908666,0.16478725,-0.005908269,-0.12586808,1530480000000.0,Fri,evening,0,1530480000000.0,medium,unknown
1,com.whatsapp,unknown,False,15,1.3622931999999999,0.88374513,0.28979996,0.57819945,-0.49964193,-0.5801063,1530480000000.0,Fri,evening,0,1530480000000.0,short,unknown
1,com.whatsapp,unknown,False,5,-0.8010911000000001,1.5291989,1.1964757,-0.15289149999999999,-0.14625129,-0.7266816999999999,1530480000000.0,Fri,evening,0,1530480000000.0,short,unknown
0,com.bskyb.sportnews,unknown,False,8,-0.68585473,0.6608970000000001,0.25075662,-0.9264658000000001,-0.16206741,1.4270037,1530480000000.0,Fri,evening,0,1530480000000.0,medium,unknown
1,com.whatsapp,unknown,False,5,0.9680755999999999,-1.0947216999999998,-0.9307285,0.6334779,0.5107552,1.3029231000000001,1530510000000.0,Sat,morn,0,1530510000000.0,medium,unknown
1,com.whatsapp,unknown,False,10,0.75069153,-0.13465792,0.27565209999999996,0.31477943,0.7864748,0.89035463,1530510000000.0,Sat,morn,0,1530510000000.0,medium,unknown
1,com.whatsapp,unknown,False,16,2.1907527,0.580709,-0.17858039999999994,0.3180875,0.15388864,0.82976377,1530510000000.0,Sat,morn,0,1530510000000.0,medium,unknown
1,com.whatsapp,msg,False,1,0.83284885,-0.8456978,0.61589724,0.79431695,1.0772511999999999,0.7597775999999999,1530510000000.0,Sat,morn,1,1530520000000.0,medium,unknown
1,com.whatsapp,unknown,True,10,0.96948624,0.028671315,-0.6170770999999999,0.6399100999999999,0.72379816,2.0856037,1530510000000.0,Sat,morn,0,1530520000000.0,medium,unknown
1,com.whatsapp,unknown,False,8,0.60583764,-0.45394343,0.57622665,0.80103785,1.5112811000000002,1.5937728,1530520000000.0,Sat,morn,0,1530520000000.0,medium,unknown
1,com.whatsapp,msg,False,7,-0.8877520000000001,0.8068916,0.4443364000000001,0.40874340000000003,1.4321979,1.0476594000000001,1530520000000.0,Sat,morn,1,1530520000000.0,medium,unknown
1,com.whatsapp,unknown,True,13,0.8527302999999999,-0.38330692,-0.33604613,1.1160362,-0.07519123,1.0776783,1530520000000.0,Sat,morn,1,1530520000000.0,medium,unknown
1,com.whatsapp,unknown,False,8,2.3888173,-0.8213587,-0.5251760999999999,1.401438,-0.5279735,-0.46890017,1530520000000.0,Sat,morn,0,1530520000000.0,short,unknown
1,com.whatsapp,unknown,False,9,0.0050828670000000005,0.31209835,-0.0419913,-0.012546957,0.79869753,1.4625219999999999,1530520000000.0,Sat,morn,0,1530520000000.0,short,unknown
0,com.google.android.googlequicksearchbox,unknown,False,1,0.39419216,0.2733465,0.14590934,-0.5707121999999999,-0.13666457,0.99594223,1530520000000.0,Sat,morn,0,1530520000000.0,short,unknown
1,com.google.android.googlequicksearchbox,unknown,False,16,1.8850106,0.9716662,0.6965308000000001,-0.48647597,0.8829447,2.4188788,1530520000000.0,Sat,morn,0,1530520000000.0,short,unknown
1,com.whatsapp,msg,False,4,-0.6105954,0.57346445,0.2235435,0.49558014,1.218854,1.1563773000000002,1530520000000.0,Sat,morn,1,1530520000000.0,medium,unknown
0,com.whatsapp,unknown,False,1,1.7081379,-0.6020613,0.4981634,0.5652883000000001,0.22237149,0.17533907,1530520000000.0,Sat,morn,0,1530520000000.0,immediate,unknown
1,com.whatsapp,msg,False,7,-0.052864812000000004,0.28539678,0.48981499999999994,0.34342474,1.0597489,1.2673997,1530520000000.0,Sat,morn,1,1530520000000.0,medium,unknown
0,com.google.android.googlequicksearchbox,unknown,False,8,0.9450984,0.7760746999999999,-0.014418373,-0.4185149,-0.17897242,1.202124,1530520000000.0,Sat,morn,0,1530520000000.0,immediate,unknown
1,com.whatsapp,msg,False,10,1.8364737000000002,0.01951737,1.0761416000000001,0.20723587,0.92704266,1.0625479,1530520000000.0,Sat,morn,0,1530520000000.0,medium,unknown
1,com.whatsapp,unknown,False,11,0.08531905,-0.5283432,-0.70095086,1.1662823999999998,1.2711282,1.4280455,1530530000000.0,Sat,morn,2,1530530000000.0,medium,unknown
1,com.whatsapp,unknown,False,11,1.5149853000000002,-0.05961833,-0.76450354,0.6183338,0.78479546,2.4268353,1530530000000.0,Sat,morn,0,1530530000000.0,medium,unknown
1,com.whatsapp,msg,False,1,-0.13751684,0.25938082,-0.5138656,0.47212523,0.68753636,1.3430132,1530530000000.0,Sat,morn,1,1530530000000.0,medium,unknown
0,com.google.android.googlequicksearchbox,unknown,False,2,1.7058942,0.65817875,1.1706647,-0.34886593,-0.25170818,0.49067536,1530530000000.0,Sat,morn,0,1530530000000.0,short,unknown
1,com.whatsapp,unknown,True,13,2.4300878,0.07642413,-1.0299844,0.5719626999999999,0.30843267,1.7201768,1530530000000.0,Sat,morn,0,1530530000000.0,medium,unknown
0,com.google.android.googlequicksearchbox,unknown,False,0,1.4453425,0.46341908,-0.3131615,0.108048886,0.3083646,1.8271993000000002,1530530000000.0,Sat,morn,0,1530530000000.0,medium,unknown
1,com.whatsapp,unknown,False,7,0.76646984,0.78031594,0.23571196,-0.052997623,0.26911125,0.98649204,1530530000000.0,Sat,morn,0,1530530000000.0,medium,unknown
1,com.whatsapp,msg,False,1,0.16680364,0.22932258,0.8752903000000001,0.5758502,1.3354304,0.36422932,1530530000000.0,Sat,morn,1,1530530000000.0,medium,unknown
1,com.whatsapp,unknown,False,8,0.8191010999999999,-0.13973022,-1.9508973000000005,0.8003513000000001,0.54002357,2.1095803,1530530000000.0,Sat,morn,0,1530530000000.0,medium,unknown
1,com.whatsapp,msg,False,9,0.90013754,0.4085138,-0.40706268,-0.109395534,0.5954599,1.7935919999999999,1530530000000.0,Sat,afternoon,0,1530530000000.0,short,unknown
1,com.snapchat.android,msg,True,3,1.6698157,0.8022366999999999,0.39953515,-0.2598386,0.6359286999999999,1.4046735000000001,1530530000000.0,Sat,afternoon,1,1530530000000.0,medium,unknown
1,com.whatsapp,unknown,False,5,0.012797738000000001,0.49635196,0.07475744,-0.11928508,0.31687109999999996,0.69132173,1530530000000.0,Sat,afternoon,0,1530540000000.0,short,unknown
1,com.whatsapp,msg,True,7,1.1140345,1.1593641000000001,-0.22748402,0.17504457,-0.05272645,1.8995765,1530540000000.0,Sat,afternoon,1,1530540000000.0,medium,unknown
1,com.whatsapp,unknown,True,2,1.2794986000000002,0.12065849,0.14482301,-0.28004640000000003,0.58912367,0.09461896,1530540000000.0,Sat,afternoon,1,1530540000000.0,medium,unknown
0,com.google.android.apps.maps,unknown,False,15,-0.10938273,2.036044,0.52190924,1.6169326000000002,-0.49590877,0.5134001,1530540000000.0,Sat,afternoon,-1,1530540000000.0,short,unknown
1,com.whatsapp,msg,True,5,-0.25978988,0.8241861999999999,0.12599441,0.21400191,0.9199188,1.3861516999999999,1530540000000.0,Sat,afternoon,1,1530540000000.0,medium,unknown
1,com.whatsapp,unknown,False,1,0.27118212,0.55685467,-0.34968793,0.35821286,1.1142945,1.2408328000000002,1530540000000.0,Sat,afternoon,1,1530540000000.0,medium,unknown
1,com.whatsapp,alarm,False,5,-0.05833862,1.1530452,0.07146784,-0.15711091,0.6240071999999999,2.1175132000000003,1530540000000.0,Sat,afternoon,0,1530540000000.0,long,unknown
1,com.freeletics.lite,msg,True,25,-0.052942975999999996,1.3263884,0.43936634,0.60019404,1.3993176,0.85015064,1530540000000.0,Sat,afternoon,1,1530540000000.0,short,unknown
0,com.google.android.googlequicksearchbox,unknown,False,11,0.58153486,-0.22801509999999997,-0.26527290000000003,0.12650298,-0.025737766000000002,0.95114136,1530540000000.0,Sat,afternoon,0,1530540000000.0,medium,unknown
0,com.google.android.googlequicksearchbox,unknown,False,1,0.6456295999999999,0.8915614,-0.06635217,0.03533794,0.44306985,1.2199055,1530540000000.0,Sat,afternoon,0,1530540000000.0,short,unknown
1,com.whatsapp,msg,True,9,1.180664,1.2287478,0.7831212,0.35091257,0.79927963,-0.2572026,1530540000000.0,Sat,afternoon,1,1530540000000.0,medium,unknown
1,com.whatsapp,unknown,False,10,-0.55823886,0.322965,-0.006557874,0.82163066,0.4800416,0.4893737,1530540000000.0,Sat,afternoon,1,1530540000000.0,medium,unknown
1,com.whatsapp,msg,False,3,0.88059825,0.38184807,-0.54288685,0.9619685,0.90596354,1.9437974999999998,1530540000000.0,Sat,afternoon,1,1530540000000.0,short,unknown
1,com.whatsapp,alarm,False,14,-0.75441,2.4648736,1.9791005000000002,-0.66637987,-0.7868509,0.5528982,1530540000000.0,Sat,afternoon,0,1530540000000.0,short,unknown
1,com.whatsapp,unknown,False,9,-0.97281057,1.902832,2.6309366,0.22394091,-0.079331696,-0.105189785,1530540000000.0,Sat,afternoon,0,1530540000000.0,short,unknown
1,com.whatsapp,msg,True,2,1.9971869999999998,0.6127153000000001,-0.12254833400000001,0.34676385,0.98104817,1.3101913,1530540000000.0,Sat,afternoon,0,1530540000000.0,short,unknown
0,com.facebook.orca,msg,False,12,0.98226404,1.3754278,1.1176502000000001,0.62696695,0.8268643,0.3262839,1530540000000.0,Sat,afternoon,1,1530550000000.0,long,unknown
1,com.whatsapp,msg,False,6,0.20622751,0.9988056999999999,0.9745308000000001,-0.43215410000000004,1.2195171999999999,0.59584016,1530540000000.0,Sat,afternoon,1,1530550000000.0,medium,unknown
1,com.whatsapp,msg,True,11,1.624945,-0.013402658999999999,-0.11283851,0.42756930000000004,0.31865737,0.6129918000000001,1530540000000.0,Sat,afternoon,1,1530540000000.0,medium,unknown
0,com.google.android.apps.maps,unknown,False,2,-0.2448808,1.5950902,0.8251546999999999,0.77244955,-0.96582663,-0.15417908,1530550000000.0,Sat,afternoon,-1,1530550000000.0,long,unknown
1,com.whatsapp,unknown,True,1,0.81781685,-0.4761351,-0.45201877,0.9762716999999999,0.6993196999999999,0.5112444,1530550000000.0,Sat,afternoon,1,1530550000000.0,medium,unknown
1,com.whatsapp,msg,False,7,0.9205129000000001,0.7898301999999999,0.28045946,0.07853993,1.0137641,1.0095367,1530550000000.0,Sat,afternoon,1,1530550000000.0,medium,unknown
1,com.snapchat.android,unknown,False,7,-0.58757883,0.8236434000000001,0.7690872,-0.4681922000000001,0.23749143,0.9860256,1530550000000.0,Sat,afternoon,0,1530550000000.0,short,unknown
1,com.whatsapp,msg,False,6,0.9638254,1.3803923999999999,-0.473078,0.8264693000000001,0.8477707,1.7626678,1530550000000.0,Sat,afternoon,1,1530550000000.0,medium,unknown
1,com.whatsapp,msg,False,23,1.3843864,0.9136907,1.1389949,0.50249535,0.9047597,-0.7709385,1530550000000.0,Sat,afternoon,1,1530550000000.0,medium,unknown
1,com.whatsapp,unknown,False,6,0.039080452,1.9255962,1.7707950000000001,0.2870413,-0.29094312,-0.2334201,1530550000000.0,Sat,afternoon,0,1530550000000.0,long,unknown
0,com.whatsapp,unknown,False,3,-0.36430684,2.15484,1.4472071000000002,-0.00742143,-0.81105894,-0.9752246999999999,1530550000000.0,Sat,afternoon,0,1530550000000.0,long,unknown
0,com.google.android.googlequicksearchbox,unknown,False,11,0.44544348,-0.088988185,1.2268255,-0.084586784,-0.77017087,-0.20017225,1530550000000.0,Sat,afternoon,0,1530550000000.0,short,unknown
0,com.facebook.orca,msg,False,23,-0.008953741999999999,1.4021173,1.9818695,-0.34970382,0.6386121,-0.16304573,1530550000000.0,Sat,evening,-2,1530560000000.0,long,unknown
1,com.whatsapp,unknown,False,1,2.3318715,0.53562784,0.40266955,0.90569276,0.24019857,-0.2603205,1530550000000.0,Sat,evening,1,1530550000000.0,short,unknown
1,com.whatsapp,unknown,False,3,0.8113616,1.2335833,-0.32381323,0.123271435,0.9619388000000001,1.4776758999999997,1530550000000.0,Sat,evening,0,1530550000000.0,short,unknown
0,com.whatsapp,unknown,False,8,0.90203017,1.1629071000000002,0.37699616,0.92200917,0.275436,0.13177232,1530550000000.0,Sat,evening,0,1530550000000.0,short,unknown
1,com.whatsapp,msg,False,1,-0.6944156,2.0647439999999997,0.68924636,-0.24758704,0.21894218,0.92859703,1530550000000.0,Sat,evening,1,1530550000000.0,medium,unknown
1,com.whatsapp,unknown,False,0,1.8949778999999998,1.1195225,1.519673,0.71148825,0.06570980000000001,0.29718247,1530550000000.0,Sat,evening,0,1530550000000.0,immediate,unknown
1,com.whatsapp,unknown,False,3,0.95856076,0.99316907,-0.88117933,0.4251735,0.5745441,1.4361207,1530560000000.0,Sat,evening,0,1530560000000.0,medium,unknown
1,com.whatsapp,msg,False,10,1.3776281000000001,0.4180974,-0.2663594,1.9348667000000002,0.43139259999999996,1.0138339,1530560000000.0,Sat,evening,1,1530560000000.0,medium,unknown
1,com.whatsapp,msg,True,21,0.7198865,0.1901454,-0.24198076,0.54797035,0.28224108,1.0130183000000001,1530560000000.0,Sat,evening,1,1530560000000.0,medium,unknown
1,com.google.android.googlequicksearchbox,unknown,False,3,0.19928563,0.19909507,0.12562925,-0.26223496,0.17751170000000002,2.0351274,1530560000000.0,Sat,evening,0,1530560000000.0,medium,unknown
0,com.whatsapp,unknown,False,1,1.5411428,1.5976865,0.42161056,0.8503561,-0.12963948,0.9539035,1530560000000.0,Sat,evening,0,1530560000000.0,short,unknown
0,com.whatsapp,unknown,False,14,0.7848025,0.49263477,-0.18433946,1.6705976999999999,0.7611563,2.008677,1530560000000.0,Sat,evening,0,1530560000000.0,short,unknown
1,com.whatsapp,unknown,False,15,1.6183216999999999,-0.07030732,-1.0797723999999995,1.2967053999999998,0.38852265,2.6522593,1530560000000.0,Sat,evening,0,1530560000000.0,medium,unknown
1,com.oneplus.deskclock,unknown,False,0,1.2445462,0.010814833999999999,1.5510476,0.5759714,0.28012672,0.5450568,1530560000000.0,Sat,evening,0,1530560000000.0,medium,unknown
1,com.whatsapp,unknown,False,4,0.46992847,-0.006516106,0.9716423000000001,0.4571263,-0.23856446,0.26933140000000005,1530560000000.0,Sat,evening,1,1530560000000.0,medium,unknown
0,com.whatsapp,unknown,False,4,-0.48933986,1.9585314999999999,1.378382,0.151323,0.47080562,-0.77560425,1530560000000.0,Sat,evening,0,1530560000000.0,immediate,unknown
1,com.whatsapp,unknown,False,9,0.16641608,2.6718773999999996,1.0753144,-0.13483673,-0.49015602,-0.9444832000000001,1530560000000.0,Sat,evening,1,1530560000000.0,long,unknown
1,com.whatsapp,msg,True,16,-0.13604726,1.5512346000000001,-0.5815604,1.0546253,1.1124277,0.8544103999999999,1530560000000.0,Sat,evening,1,1530560000000.0,medium,unknown
0,com.whatsapp,unknown,False,4,1.4767207,1.3337373,1.13626,0.88558125,-0.4219787999999999,0.18286802,1530560000000.0,Sat,evening,0,1530560000000.0,short,unknown
1,com.whatsapp,unknown,False,10,0.04542474,2.8297849,1.6661702,0.06420866,0.44608983,-1.0637958,1530560000000.0,Sat,evening,0,1530560000000.0,long,unknown
1,com.whatsapp,msg,False,8,0.7578279,0.99916595,-0.27192318,1.09023,0.50438595,0.41756505,1530560000000.0,Sat,evening,1,1530560000000.0,medium,unknown
1,com.whatsapp,msg,False,12,0.06078753,1.7893069,2.1481013,0.32152066,0.581348,-0.05537458,1530560000000.0,Sat,evening,0,1530560000000.0,medium,unknown
1,com.whatsapp,unknown,False,13,-0.4360451,2.1384716,0.44345429999999997,-0.13556787,-0.12910283,0.44477263,1530560000000.0,Sat,evening,1,1530560000000.0,medium,unknown
0,com.whatsapp,unknown,False,4,-0.044955800000000004,1.2388668999999999,0.18551489999999998,-0.1510481,-0.23148596,-0.02131303,1530560000000.0,Sat,evening,0,1530560000000.0,short,unknown
1,com.google.android.googlequicksearchbox,unknown,False,3,0.94441545,-0.030315228,-1.3728962,0.5425476,0.08014995,2.3359766,1530560000000.0,Sat,evening,0,1530560000000.0,medium,unknown
1,com.google.android.googlequicksearchbox,msg,True,18,0.7941842,-0.08565997,0.5306369000000001,-0.18958728,0.13517255,0.9002444,1530560000000.0,Sat,evening,1,1530560000000.0,medium,unknown
0,com.whatsapp,unknown,False,1,0.7857191,1.786144,0.3634571,0.2823198,-0.17826667,0.80417925,1530560000000.0,Sat,evening,0,1530560000000.0,immediate,unknown
0,com.whatsapp,unknown,False,11,1.2910194,-0.64721286,-1.7881001,0.71656936,0.26771194,2.155677,1530560000000.0,Sat,evening,0,1530560000000.0,medium,unknown
1,com.whatsapp,unknown,False,6,-0.07418097,1.5043483999999998,0.20002261,-0.38531950000000004,1.3380367,-0.10879046,1530560000000.0,Sat,evening,0,1530560000000.0,medium,unknown
0,com.facebook.orca,msg,False,9,0.024702681,1.208004,2.0039952000000003,-0.003429394,0.5271683000000001,0.79873866,1530560000000.0,Sat,evening,-2,1530560000000.0,immediate,unknown
1,com.whatsapp,msg,False,10,0.27811292,1.5693877,-0.011358133999999999,0.27465338,-0.10546069999999999,1.2824986,1530560000000.0,Sat,evening,1,1530560000000.0,medium,unknown
1,com.whatsapp,msg,True,8,0.8932805,1.5166520000000001,1.4770107,-0.50002897,1.2568396000000002,0.320812,1530560000000.0,Sat,evening,1,1530560000000.0,medium,unknown
1,com.whatsapp,unknown,False,19,1.9795598,0.59416527,0.58840007,1.3835007,0.12599441,0.18487136,1530560000000.0,Sat,evening,1,1530560000000.0,short,unknown
1,com.whatsapp,msg,False,14,0.37100320000000003,0.84524214,-0.1272166,1.2852143,0.78788126,1.740105,1530560000000.0,Sat,evening,1,1530560000000.0,short,unknown
1,com.whatsapp,msg,False,4,0.495543,0.8967813,-0.94091094,0.6714413,0.21801153,1.6561418999999995,1530560000000.0,Sat,evening,1,1530570000000.0,medium,unknown
1,com.whatsapp,unknown,False,3,0.5738525999999999,2.2712950000000003,1.3949152,1.160582,0.2969481,-0.689515,1530560000000.0,Sat,evening,1,1530570000000.0,long,unknown
0,com.whatsapp,unknown,False,6,1.7612404,0.3449188,-0.23459342,0.8491433,0.26736063,1.0168546,1530560000000.0,Sat,evening,0,1530560000000.0,short,unknown
0,com.whatsapp,unknown,False,3,0.7749090000000001,1.3257888999999998,0.90393806,0.92591584,0.26280412,-0.23509496,1530560000000.0,Sat,evening,0,1530560000000.0,immediate,unknown
1,com.whatsapp,msg,False,16,0.70403165,0.76457816,0.0622273,0.35628414,0.07741284,1.7593998,1530560000000.0,Sat,evening,1,1530570000000.0,medium,unknown
1,com.whatsapp,unknown,False,16,-0.14778732,1.8415877,0.7329002,-0.08165383,0.13046989999999994,1.1208843000000002,1530570000000.0,Sat,evening,1,1530570000000.0,medium,unknown
1,com.whatsapp,unknown,False,14,1.1281343000000001,-0.22552502,0.2148574,0.81696546,0.002027836,0.84177935,1530570000000.0,Sat,evening,2,1530570000000.0,medium,unknown
0,com.facebook.orca,msg,False,17,0.32694057,1.1243914,2.559116,-0.28849968,-0.19450578,0.037591875,1530570000000.0,Sat,evening,-2,1530570000000.0,immediate,unknown
0,com.google.android.googlequicksearchbox,unknown,False,15,-0.27123514,1.1315027,0.7912704,0.7052501,-1.0753529,0.06859172,1530570000000.0,Sat,evening,-2,1530570000000.0,short,unknown
0,com.google.android.googlequicksearchbox,unknown,False,7,-0.3151702,1.4670372999999999,0.99349344,0.042931598,-1.3668129999999998,0.17405418,1530570000000.0,Sat,evening,0,1530570000000.0,short,unknown
1,com.facebook.orca,msg,False,11,1.1542028999999998,0.29664573,2.0220797,0.32758933,0.16100676,0.29686686,1530570000000.0,Sat,evening,0,1530570000000.0,medium,unknown
1,com.whatsapp,unknown,False,9,-0.780859,2.6108387000000004,2.749936,0.37753996,1.0313482,-0.8006833999999999,1530570000000.0,Sat,evening,0,1530570000000.0,medium,unknown
0,com.google.android.googlequicksearchbox,unknown,False,7,0.17310060000000002,0.8254693000000001,0.3744327,0.14830111,-0.83995354,0.2272105,1530570000000.0,Sat,evening,0,1530570000000.0,short,unknown
1,com.whatsapp,msg,False,8,2.0095446,1.4057939,0.45241237,1.6831148999999999,0.4350147,0.73485416,1530570000000.0,Sat,evening,1,1530570000000.0,medium,unknown
1,com.whatsapp,unknown,True,2,0.43232077,0.42557555,-0.69130176,-0.31060553,0.39417648,0.97817135,1530570000000.0,Sat,evening,1,1530570000000.0,medium,unknown
1,com.google.android.googlequicksearchbox,unknown,False,0,0.05137165,0.88524747,0.10269367,-0.34357882,0.06653863,2.0980172,1530570000000.0,Sat,evening,0,1530570000000.0,medium,unknown
1,com.whatsapp,msg,False,6,1.2408876,2.3371692000000004,1.9858099999999999,0.8164741999999999,-0.063150525,-0.57991165,1530570000000.0,Sat,evening,1,1530570000000.0,medium,unknown
0,com.google.android.googlequicksearchbox,unknown,False,36,0.34986252,0.74019074,0.16564089,0.13585846,-0.47597477,0.55933577,1530590000000.0,Sun,night,0,1530590000000.0,short,unknown
0,com.whatsapp,unknown,False,1,0.37730423,0.44036922,-0.76156855,0.14622508,1.0119977,1.0717311999999999,1530600000000.0,Sun,night,-1,1530600000000.0,medium,unknown
0,com.freeletics.lite,unknown,False,36,1.5536292,-0.11438421,0.041959174,1.2911104,-0.13146862,0.6941554,1530600000000.0,Sun,night,1,1530600000000.0,medium,unknown
0,com.whatsapp,unknown,False,4,-0.14787617,-0.6172824,-0.2922821,0.037730942999999996,0.38479640000000004,1.3494468000000002,1530600000000.0,Sun,morn,2,1530600000000.0,medium,unknown
1,com.whatsapp,unknown,False,1,-0.28004766,1.1433737,-0.18159598,0.74833935,0.8218976999999998,-0.16997424,1530600000000.0,Sun,morn,1,1530600000000.0,medium,unknown
1,com.freeletics.lite,unknown,False,39,0.5366231,0.5622296999999999,-0.61829394,-0.001295228,0.28995797,0.3565293,1530600000000.0,Sun,morn,1,1530600000000.0,medium,unknown
0,com.whatsapp,unknown,False,22,-0.46667734,0.44795313,-0.22407058,0.7718457,0.9983992,0.30766246,1530600000000.0,Sun,morn,0,1530600000000.0,medium,unknown
1,com.whatsapp,unknown,False,12,0.07587406,-0.44220329999999997,0.2220672,0.9596928,0.64834064,0.83787435,1530600000000.0,Sun,morn,0,1530600000000.0,medium,unknown
0,com.whatsapp,unknown,False,2,-0.79743236,0.4234093,0.61218435,-0.8346463,0.47989455,0.41436616,1530600000000.0,Sun,morn,0,1530600000000.0,medium,unknown
0,com.facebook.orca,unknown,False,22,1.0278738,-0.2189016,0.76588583,-0.49421605,0.10298315,-0.6954355,1530600000000.0,Sun,morn,-2,1530600000000.0,medium,unknown
0,com.whatsapp,unknown,False,9,-0.0924901,-0.59785753,-0.9689776,0.5652919,0.63876593,0.5848392,1530600000000.0,Sun,morn,-1,1530600000000.0,medium,unknown
1,com.whatsapp,unknown,False,1,-0.37067538,-0.71642286,-0.41810325,-0.01383369,0.6871376,0.9040466,1530600000000.0,Sun,morn,0,1530610000000.0,medium,unknown
1,com.whatsapp,unknown,False,6,-0.604353,1.7056843000000002,1.836611,0.111985266,0.5312650999999999,-0.7272989000000001,1530600000000.0,Sun,morn,0,1530610000000.0,medium,unknown
0,com.facebook.orca,unknown,False,16,-0.7588550999999999,0.86111027,0.48934758,-1.5939426,0.5361951,-0.34640673,1530600000000.0,Sun,morn,0,1530610000000.0,medium,unknown
0,com.bskyb.sportnews,unknown,False,10,-0.6597951,0.2859453,0.5223768,0.0034950640000000004,0.5481071,1.0426084,1530610000000.0,Sun,morn,0,1530610000000.0,medium,unknown
0,com.whatsapp,unknown,False,4,-0.7678436,0.6602255,-0.79003185,-0.8484021,0.6186913,0.15905952,1530610000000.0,Sun,morn,0,1530610000000.0,medium,unknown
0,com.google.android.googlequicksearchbox,unknown,False,28,0.6375557,-0.12396609,-0.78880215,0.23549597,-0.6107179,0.5173196,1530610000000.0,Sun,morn,-2,1530610000000.0,medium,unknown
0,com.whatsapp,unknown,False,13,0.11668016,0.17551735,-0.95223737,0.64180666,1.3360618,1.8741506,1530610000000.0,Sun,morn,0,1530610000000.0,medium,unknown
1,com.whatsapp,unknown,False,22,0.47493148,0.31948692,0.65593237,1.3441944,0.6330336,1.7756087,1530610000000.0,Sun,morn,0,1530610000000.0,medium,unknown
1,com.whatsapp,unknown,False,18,0.35294193,0.07600016,-0.07217578,0.6370015,0.86898667,1.5980166999999998,1530610000000.0,Sun,morn,0,1530610000000.0,medium,unknown
0,com.whatsapp,unknown,False,2,-0.34706506,0.82361555,-0.7800266,0.015885454,1.1192031999999998,0.810685,1530610000000.0,Sun,morn,2,1530610000000.0,medium,unknown
0,com.bskyb.sportnews,unknown,False,8,-0.5952629,0.7165125,1.4210826,-0.4257326,-0.11938405,1.0293376,1530610000000.0,Sun,morn,0,1530610000000.0,medium,unknown
0,com.google.android.googlequicksearchbox,unknown,False,15,-0.34385785,-0.40990046,-1.3922911,-1.7137668000000001,0.03156444,0.47941747,1530610000000.0,Sun,morn,0,1530610000000.0,medium,unknown
0,com.whatsapp,unknown,False,12,0.07710366,0.30991945,-0.81822157,1.3333924,0.8734881999999999,0.4220678,1530610000000.0,Sun,morn,0,1530610000000.0,medium,unknown
1,com.whatsapp,unknown,False,0,-0.93944114,1.1011988000000001,0.082839765,-0.46779355,0.45699444,0.23008648,1530610000000.0,Sun,morn,1,1530610000000.0,medium,unknown
0,com.whatsapp,unknown,False,15,0.012423785,1.6781800999999998,-0.17656726,1.0120245,1.0498874,-0.62174183,1530610000000.0,Sun,morn,0,1530610000000.0,medium,unknown
1,com.whatsapp,unknown,False,2,0.16570503,-0.17787218,0.7166686999999999,-0.5524916,-0.20411006,0.21102849,1530610000000.0,Sun,morn,0,1530620000000.0,medium,unknown
1,com.whatsapp,unknown,False,20,1.0482041,0.27708226,-0.21685961,1.0422895,0.7498961,0.33043918,1530610000000.0,Sun,morn,1,1530620000000.0,medium,unknown
0,com.whatsapp,unknown,False,1,-0.45543244,1.889311,1.1541853000000002,0.09257783,0.5273467,-1.0893103000000002,1530620000000.0,Sun,morn,0,1530620000000.0,medium,unknown
1,com.whatsapp,unknown,False,3,0.043281972,0.08235926,-0.56813693,-0.012610991,0.8053866,-0.198562,1530620000000.0,Sun,morn,0,1530620000000.0,medium,unknown
0,com.whatsapp,unknown,False,10,-0.55653965,-0.9903205,-1.2974493999999999,1.3300818,1.0874747,0.3460341,1530620000000.0,Sun,morn,0,1530620000000.0,medium,unknown
0,com.facebook.orca,unknown,False,2,-0.517989,-0.40782082,-0.19477886,-0.18333055,0.41816965,-0.014231938999999999,1530620000000.0,Sun,morn,0,1530620000000.0,medium,unknown
0,com.whatsapp,unknown,False,6,1.9015406000000004,-0.13693726,0.6932676,0.8190884,-0.055089016,-0.7440116,1530620000000.0,Sun,afternoon,0,1530620000000.0,short,unknown
0,com.google.android.googlequicksearchbox,unknown,False,8,-0.12278671599999999,0.02684427,-0.7218343,-0.74541444,0.2642679,0.26582745,1530620000000.0,Sun,afternoon,0,1530620000000.0,medium,unknown
0,com.whatsapp,unknown,False,9,0.7324235,-0.31555396,-1.3524653999999998,0.9213565999999999,1.3244893999999998,1.4256871000000002,1530620000000.0,Sun,afternoon,1,1530620000000.0,medium,unknown
0,com.whatsapp,unknown,False,7,0.5577741,-0.12679195,1.4162028,-0.4079874,0.017095115,-1.1204447,1530620000000.0,Sun,afternoon,0,1530620000000.0,medium,unknown
0,com.whatsapp,unknown,False,9,0.46122536,0.98129165,-0.79839385,0.68009746,1.4800206,1.5097458000000001,1530620000000.0,Sun,afternoon,-1,1530620000000.0,short,unknown
0,com.whatsapp,unknown,False,10,0.41788706,0.36498126,-0.6850974,0.4314597,1.0505902,1.0174087,1530620000000.0,Sun,afternoon,0,1530620000000.0,medium,unknown
0,com.google.android.googlequicksearchbox,unknown,False,8,0.010674332,0.09627934,-1.0658353999999999,-0.47590056,-0.48448040000000003,0.018368546,1530620000000.0,Sun,afternoon,0,1530620000000.0,short,unknown
1,com.whatsapp,unknown,False,8,-0.38128155,0.64781654,-0.7673946,-0.28067777,1.3174839,1.4448471,1530620000000.0,Sun,afternoon,1,1530620000000.0,medium,unknown
0,com.facebook.orca,unknown,False,13,0.28748932,1.7026607,0.5174482,0.38067573,0.55871797,0.4376527,1530620000000.0,Sun,afternoon,0,1530630000000.0,long,unknown
0,com.whatsapp,unknown,False,13,-0.49356099999999997,1.3985163999999999,-0.5133396,-0.24209441,0.41716585,1.2806704,1530620000000.0,Sun,afternoon,0,1530620000000.0,short,unknown
1,com.whatsapp,unknown,False,15,0.97936445,0.010372424,-0.87422603,0.9491796,0.23487091,0.38142353,1530630000000.0,Sun,afternoon,0,1530630000000.0,short,unknown
0,com.google.android.googlequicksearchbox,unknown,False,7,2.1108618,0.58295614,0.05139351,1.3557945,0.9370377000000001,1.331377,1530630000000.0,Sun,afternoon,0,1530630000000.0,short,unknown
0,com.whatsapp,unknown,False,11,0.28670815,1.7600754,0.23404494,0.42689079999999996,1.5857542,1.0486733,1530630000000.0,Sun,afternoon,-1,1530630000000.0,short,unknown
1,com.whatsapp,unknown,False,10,0.62429637,1.8781271000000002,-0.40944707,0.2882854,1.2497897,2.032891,1530630000000.0,Sun,afternoon,1,1530630000000.0,medium,unknown
0,com.google.android.googlequicksearchbox,unknown,False,25,0.3414534,0.41241214,0.56012756,-0.07491806,-0.51858145,-0.28485146,1530630000000.0,Sun,afternoon,0,1530630000000.0,short,unknown
0,com.whatsapp,unknown,False,5,1.3836882,-0.13170052,-0.08318432,0.38369927,0.18067193,-1.1143142,1530630000000.0,Sun,afternoon,0,1530630000000.0,medium,unknown
0,com.android.incallui,msg,False,30,0.6607913000000001,0.4462699000000001,0.7046361999999999,0.038637232,0.579113,-0.5099073000000001,1530630000000.0,Sun,afternoon,0,1530630000000.0,medium,unknown
1,com.whatsapp,msg,False,12,1.5743661,0.5095489000000001,0.12942246,0.8391194,0.46598095,1.0176265,1530630000000.0,Sun,afternoon,1,1530630000000.0,short,unknown
0,com.whatsapp,unknown,False,10,-0.7956125,1.9624603999999999,0.67515206,-0.85426,0.44336990000000004,0.1341113,1530630000000.0,Sun,afternoon,0,1530640000000.0,long,unknown
1,com.whatsapp,unknown,False,4,-1.2882583,3.048978,1.2219276000000001,0.06335469,-0.41995713,-1.394947,1530630000000.0,Sun,afternoon,0,1530640000000.0,long,unknown
0,com.facebook.orca,unknown,False,11,0.32120436,0.6132385,0.14943126,-0.12781972,0.6142002,0.38173333,1530630000000.0,Sun,afternoon,0,1530630000000.0,medium,unknown
0,com.whatsapp,unknown,False,12,-0.045225404000000004,0.038501855,-0.9227208,0.38827926,1.395405,0.83080757,1530630000000.0,Sun,afternoon,0,1530630000000.0,medium,unknown
1,com.whatsapp,unknown,False,5,0.36637264,0.89922607,-0.36766762,1.5875667,1.0036171999999999,0.97040296,1530630000000.0,Sun,afternoon,1,1530630000000.0,medium,unknown
1,com.whatsapp,unknown,False,18,-1.115262,1.3945173,1.671643,0.6598901999999999,0.42005175,0.45975873,1530630000000.0,Sun,afternoon,0,1530630000000.0,short,unknown
1,com.whatsapp,unknown,False,2,-0.75815105,1.1034979999999999,-0.9376275,-0.6388195,1.0653515,1.3424046,1530630000000.0,Sun,afternoon,1,1530630000000.0,medium,unknown
1,com.whatsapp,unknown,False,7,-1.2897747,1.5986367,1.4708266,-0.16151796,0.8371472,0.47850382,1530630000000.0,Sun,afternoon,0,1530630000000.0,medium,unknown
1,com.whatsapp,unknown,False,14,-1.1820582,1.6726294999999998,1.6166348,0.5254533,0.6993354,-0.46222678,1530630000000.0,Sun,afternoon,0,1530630000000.0,medium,unknown
0,com.whatsapp,unknown,False,7,0.8110019,0.67598057,-0.5909515000000001,0.17381729999999998,1.3585348999999998,0.81591827,1530630000000.0,Sun,afternoon,0,1530630000000.0,short,unknown
0,com.whatsapp,unknown,False,16,-0.45258254,0.54825234,-0.3812099,0.72093236,1.5253341,1.297801,1530630000000.0,Sun,afternoon,0,1530640000000.0,medium,unknown
0,com.whatsapp,unknown,False,5,0.9913839,-0.5153603,-0.807992,1.653146,0.6601411,0.7320683000000001,1530630000000.0,Sun,afternoon,-1,1530640000000.0,medium,unknown
1,com.whatsapp,unknown,False,11,0.70809174,-0.47046018,-0.28383790000000003,1.0111706,0.34635875,-0.39586133,1530640000000.0,Sun,afternoon,0,1530640000000.0,medium,unknown
0,com.whatsapp,unknown,False,18,-0.35668644,0.7048350999999999,0.8919809000000001,1.1246943,0.6813203,0.99082917,1530640000000.0,Sun,afternoon,0,1530640000000.0,medium,unknown
1,com.whatsapp,unknown,False,9,0.028834837000000002,0.21886632,0.8436969999999999,0.2939384,0.16375802,0.83475494,1530640000000.0,Sun,evening,0,1530640000000.0,medium,unknown
1,com.whatsapp,unknown,False,20,0.46594638,0.26487812,-0.7363255,0.34742233,0.12686518,0.38108552,1530640000000.0,Sun,evening,1,1530640000000.0,short,unknown
0,com.whatsapp,unknown,False,3,-0.0349965,0.6647438,0.41642204,0.29669973,-0.1398063,0.291486,1530640000000.0,Sun,evening,0,1530640000000.0,medium,unknown
1,com.whatsapp,unknown,False,10,-0.026088996,2.0060594,2.4331967999999997,0.29077777,0.43494952,-0.8676296,1530640000000.0,Sun,evening,0,1530640000000.0,medium,unknown
0,com.whatsapp,unknown,False,1,-1.1165128999999998,2.8064134,2.3067502999999996,-0.032520767,-0.41880956,-0.6262052,1530640000000.0,Sun,evening,0,1530650000000.0,long,unknown
0,com.whatsapp,unknown,False,21,1.283612,-0.21906462,0.12885067,0.8648680000000001,0.08378610000000003,0.30727790000000005,1530640000000.0,Sun,evening,1,1530640000000.0,short,unknown
1,com.whatsapp,unknown,False,11,0.23655705,1.1299698,0.5742285,0.50563467,0.025183287000000002,0.040047284,1530640000000.0,Sun,evening,0,1530640000000.0,long,unknown
0,com.Slack,unknown,False,2,-0.34922102,0.75826925,-0.12173102,-0.19434936,0.22871968,1.2088053,1530640000000.0,Sun,evening,0,1530640000000.0,medium,unknown
0,com.facebook.orca,unknown,False,9,0.08791189,1.1132628999999998,0.27388779999999996,0.37075704,-0.42860004,0.38066098,1530640000000.0,Sun,evening,0,1530640000000.0,short,unknown
0,com.whatsapp,unknown,False,2,0.45714629999999995,1.5573645,-0.6727435,0.36144492,0.21679237,1.0720582,1530640000000.0,Sun,evening,0,1530640000000.0,short,unknown
0,com.whatsapp,unknown,False,2,0.79254025,-0.8039968000000001,0.64102054,0.18362461,-0.12024036,0.57045454,1530640000000.0,Sun,evening,0,1530640000000.0,medium,unknown
1,com.oneplus.deskclock,unknown,False,21,1.3709133999999998,1.1279142,0.57958525,0.5019982,-0.001280669,0.6770111,1530640000000.0,Sun,evening,0,1530640000000.0,medium,unknown
0,com.whatsapp,unknown,False,12,0.40107548,0.070359595,-0.90529764,0.6149760999999999,0.20555374,1.8115264,1530640000000.0,Sun,evening,0,1530640000000.0,short,unknown
0,com.whatsapp,unknown,False,7,-1.1104931999999998,1.6584115000000001,2.062786,-0.10284777,-0.34849975,-0.05781642,1530650000000.0,Sun,evening,0,1530650000000.0,short,unknown
0,com.facebook.orca,unknown,False,8,-0.6085398,0.24531958,0.024051077999999997,-0.43033776,-0.16006383,0.69943345,1530650000000.0,Sun,evening,0,1530650000000.0,medium,unknown
1,com.whatsapp,unknown,False,4,-0.33144367,0.8072439,-0.04281392,-0.09311624,0.1579602,0.49883807,1530650000000.0,Sun,evening,1,1530650000000.0,short,unknown
1,com.whatsapp,unknown,False,3,-0.6151644000000001,0.19549283,0.06777275,-0.28149673,0.097111374,0.6385003,1530650000000.0,Sun,evening,1,1530650000000.0,medium,unknown
1,com.whatsapp,unknown,False,1,-0.5196678,1.2098608999999998,0.5893185999999999,-0.26786175,0.3002393,-0.18965328,1530650000000.0,Sun,evening,1,1530650000000.0,short,unknown
0,com.android.incallui,unknown,False,32,1.446693,-0.44938064,0.23230723,1.0287992,-0.23795053,-0.39529824,1530650000000.0,Sun,evening,0,1530650000000.0,medium,unknown
1,com.whatsapp,unknown,False,17,-0.1557808,1.312034,1.5989518999999999,0.23456459,0.19233672,0.28294040000000004,1530650000000.0,Sun,evening,0,1530650000000.0,medium,unknown
0,com.google.android.googlequicksearchbox,unknown,False,20,-0.8107965,0.94135094,0.77764076,-0.9656225,-0.50466496,0.60914266,1530650000000.0,Sun,evening,0,1530650000000.0,short,unknown
0,com.whatsapp,unknown,False,2,0.90323836,1.0369424999999999,0.7000371,0.52055913,0.4966655,-0.5203857,1530650000000.0,Sun,evening,0,1530650000000.0,short,unknown
0,com.facebook.orca,unknown,False,31,-0.019885538,0.009137549,-0.010099284,-0.5957557,-0.6112588000000001,-0.39310738,1530650000000.0,Sun,evening,0,1530650000000.0,medium,unknown
1,com.whatsapp,unknown,False,25,1.5690848999999998,1.1314688,0.8753034,1.2100499,0.27875158,-0.00242864,1530650000000.0,Sun,evening,1,1530650000000.0,short,unknown
0,com.google.android.googlequicksearchbox,unknown,False,7,-0.65450096,1.2990214,0.49287963,0.014564391000000001,-1.1715156999999998,-0.13810506,1530650000000.0,Sun,evening,0,1530650000000.0,short,unknown
1,com.whatsapp,unknown,False,6,0.49591288,1.2595501,0.54875565,0.09280096,0.45959082,-0.8680728999999999,1530650000000.0,Sun,evening,0,1530650000000.0,medium,unknown
1,com.whatsapp,unknown,False,10,0.18694332,0.6969177,0.022916682,0.012579661,0.08445743,-0.14874041,1530650000000.0,Sun,evening,0,1530650000000.0,medium,unknown
0,com.whatsapp,unknown,False,3,-0.39226645,1.3446758,0.6352283000000001,-0.017265368,0.45742753,-0.12258914,1530650000000.0,Sun,evening,0,1530650000000.0,medium,unknown
0,com.whatsapp,unknown,False,12,0.6519226,0.22465327,-0.3256158,0.8725948,-0.14450383,1.0570773,1530650000000.0,Sun,evening,-1,1530650000000.0,short,unknown
0,com.google.android.googlequicksearchbox,unknown,False,19,-0.80664426,1.7611074,0.36227370000000003,-0.33681846,-1.0800482,0.5145821,1530650000000.0,Sun,evening,0,1530650000000.0,short,unknown
0,com.whatsapp,unknown,False,15,2.103366,0.06932305,-0.8806042,1.1156391,-0.04362866,0.102708265,1530650000000.0,Sun,evening,0,1530650000000.0,short,unknown
0,com.freeletics.lite,unknown,False,34,1.0586223999999995,0.22316915,0.14431697,0.8734915000000001,-0.1952155,0.17962489,1530660000000.0,Sun,night,-2,1530660000000.0,short,unknown
